train_object1.tfrecords,381
train_object2.tfrecords,285
train_object3.tfrecords,313
train_object4.tfrecords,37
train_object5.tfrecords,41
train_object6.tfrecords,37
train_object7.tfrecords,9
train_object8.tfrecords,1
train_object9.tfrecords,1
train_object10.tfrecords,37
train_object11.tfrecords,145
train_object12.tfrecords,5
train_object13.tfrecords,1
train_object14.tfrecords,1
train_object15.tfrecords,25
train_object16.tfrecords,173
train_object17.tfrecords,93
train_object18.tfrecords,49
train_object19.tfrecords,5
train_object20.tfrecords,49
train_object21.tfrecords,121
train_object22.tfrecords,81
train_object23.tfrecords,21
train_object24.tfrecords,21
train_object25.tfrecords,229
train_object26.tfrecords,37
train_object27.tfrecords,5
train_object28.tfrecords,21
train_object29.tfrecords,5
train_object30.tfrecords,1
train_object31.tfrecords,5
train_object32.tfrecords,13
train_object33.tfrecords,61
train_object34.tfrecords,1
train_object35.tfrecords,45
train_object36.tfrecords,9
train_object37.tfrecords,5
train_object38.tfrecords,1
train_object39.tfrecords,21
train_object40.tfrecords,5
train_object41.tfrecords,1
train_object42.tfrecords,53
train_object43.tfrecords,37
train_object44.tfrecords,1
train_object45.tfrecords,21
train_object46.tfrecords,49
train_object47.tfrecords,33
train_object48.tfrecords,29
train_object49.tfrecords,1
train_object50.tfrecords,57
train_object51.tfrecords,1
train_object52.tfrecords,45
train_object53.tfrecords,17
train_object54.tfrecords,41
train_object55.tfrecords,29
train_object56.tfrecords,29
train_object57.tfrecords,1
train_object58.tfrecords,5
train_object59.tfrecords,1
train_object60.tfrecords,173
train_object61.tfrecords,25
train_object62.tfrecords,21
train_object63.tfrecords,37
train_object64.tfrecords,141
train_object65.tfrecords,9
train_object66.tfrecords,1
train_object67.tfrecords,9
train_object68.tfrecords,25
train_object69.tfrecords,1
train_object70.tfrecords,41
train_object71.tfrecords,13
train_object72.tfrecords,9
train_object73.tfrecords,9
train_object74.tfrecords,33
train_object75.tfrecords,93
train_object76.tfrecords,85
train_object77.tfrecords,21
train_object78.tfrecords,1
train_object79.tfrecords,389
train_object80.tfrecords,1
train_object81.tfrecords,17
train_object82.tfrecords,148
train_object83.tfrecords,157
train_object84.tfrecords,73
train_object85.tfrecords,109
train_object86.tfrecords,49
train_object87.tfrecords,5
train_object88.tfrecords,21
train_object89.tfrecords,29
train_object90.tfrecords,81
train_object91.tfrecords,37
train_object92.tfrecords,25
train_object93.tfrecords,49
train_object94.tfrecords,9
train_object95.tfrecords,33
train_object96.tfrecords,249
train_object97.tfrecords,5
train_object98.tfrecords,21
train_object99.tfrecords,121
train_object100.tfrecords,89
train_object101.tfrecords,13
train_object102.tfrecords,13
train_object103.tfrecords,13
train_object104.tfrecords,125
train_object105.tfrecords,1
train_object106.tfrecords,17
train_object107.tfrecords,13
train_object108.tfrecords,1
train_object109.tfrecords,25
train_object110.tfrecords,13
train_object111.tfrecords,29
train_object112.tfrecords,13
train_object113.tfrecords,5
train_object114.tfrecords,9
train_object115.tfrecords,13
train_object116.tfrecords,29
train_object117.tfrecords,65
train_object118.tfrecords,69
train_object119.tfrecords,33
train_object120.tfrecords,5
train_object121.tfrecords,1
train_object122.tfrecords,17
train_object123.tfrecords,37
train_object124.tfrecords,17
train_object125.tfrecords,25
train_object126.tfrecords,1
train_object127.tfrecords,29
train_object128.tfrecords,29
train_object129.tfrecords,17
train_object130.tfrecords,61
train_object131.tfrecords,53
train_object132.tfrecords,21
train_object133.tfrecords,29
train_object134.tfrecords,45
train_object135.tfrecords,85
train_object136.tfrecords,29
train_object137.tfrecords,45
train_object138.tfrecords,29
train_object139.tfrecords,1
train_object140.tfrecords,33
train_object141.tfrecords,13
train_object142.tfrecords,25
train_object143.tfrecords,17
train_object144.tfrecords,13
train_object145.tfrecords,9
train_object146.tfrecords,1
train_object147.tfrecords,1
train_object148.tfrecords,137
train_object149.tfrecords,9
train_object150.tfrecords,65
train_object151.tfrecords,49
