train_object1.tfrecords,5
train_object2.tfrecords,41
train_object3.tfrecords,25
train_object4.tfrecords,17
train_object5.tfrecords,145
train_object6.tfrecords,11
train_object7.tfrecords,103
train_object8.tfrecords,1
train_object9.tfrecords,91
train_object10.tfrecords,73
train_object11.tfrecords,47
train_object12.tfrecords,81
train_object13.tfrecords,69
train_object14.tfrecords,122
train_object15.tfrecords,127
train_object16.tfrecords,44
train_object17.tfrecords,37
train_object18.tfrecords,2
train_object19.tfrecords,23
train_object20.tfrecords,28
train_object21.tfrecords,97
train_object22.tfrecords,12
train_object23.tfrecords,12
train_object24.tfrecords,124
train_object25.tfrecords,68
train_object26.tfrecords,30
train_object27.tfrecords,1
train_object28.tfrecords,92
train_object29.tfrecords,42
train_object30.tfrecords,35
train_object31.tfrecords,28
train_object32.tfrecords,90
train_object33.tfrecords,1
train_object34.tfrecords,65
train_object35.tfrecords,65
train_object36.tfrecords,11
train_object37.tfrecords,11
train_object38.tfrecords,11
train_object39.tfrecords,8
train_object40.tfrecords,27
train_object41.tfrecords,25
train_object42.tfrecords,43
train_object43.tfrecords,12
train_object44.tfrecords,11
train_object45.tfrecords,114
train_object46.tfrecords,106
train_object47.tfrecords,217
train_object48.tfrecords,131
train_object49.tfrecords,49
train_object50.tfrecords,37
train_object51.tfrecords,8
train_object52.tfrecords,81
train_object53.tfrecords,6
train_object54.tfrecords,8
train_object55.tfrecords,7
train_object56.tfrecords,63
train_object57.tfrecords,13
train_object58.tfrecords,27
train_object59.tfrecords,76
train_object60.tfrecords,13
train_object61.tfrecords,88
train_object62.tfrecords,14
train_object63.tfrecords,5
train_object64.tfrecords,24
train_object65.tfrecords,42
train_object66.tfrecords,7
train_object67.tfrecords,32
train_object68.tfrecords,84
train_object69.tfrecords,25
train_object70.tfrecords,30
train_object71.tfrecords,18
train_object72.tfrecords,13
train_object73.tfrecords,10
train_object74.tfrecords,6
train_object75.tfrecords,23
train_object76.tfrecords,1
train_object77.tfrecords,36
train_object78.tfrecords,2
train_object79.tfrecords,22
train_object80.tfrecords,11
train_object81.tfrecords,7
train_object82.tfrecords,5
train_object83.tfrecords,24
train_object84.tfrecords,133
train_object85.tfrecords,6
train_object86.tfrecords,80
train_object87.tfrecords,66
train_object88.tfrecords,56
train_object89.tfrecords,11
train_object90.tfrecords,113
train_object91.tfrecords,14
train_object92.tfrecords,65
train_object93.tfrecords,69
train_object94.tfrecords,46
train_object95.tfrecords,36
train_object96.tfrecords,1
train_object97.tfrecords,69
train_object98.tfrecords,11
train_object99.tfrecords,73
train_object100.tfrecords,85
train_object101.tfrecords,84
train_object102.tfrecords,7
train_object103.tfrecords,57
train_object104.tfrecords,27
train_object105.tfrecords,3
train_object106.tfrecords,32
train_object107.tfrecords,6
train_object108.tfrecords,65
train_object109.tfrecords,5
train_object110.tfrecords,43
train_object111.tfrecords,15
train_object112.tfrecords,7
train_object113.tfrecords,14
train_object114.tfrecords,1
train_object115.tfrecords,32
train_object116.tfrecords,39
train_object117.tfrecords,1
train_object118.tfrecords,1
train_object119.tfrecords,43
train_object120.tfrecords,1
train_object121.tfrecords,23
train_object122.tfrecords,22
train_object123.tfrecords,10
train_object124.tfrecords,2
train_object125.tfrecords,44
train_object126.tfrecords,6
train_object127.tfrecords,5
train_object128.tfrecords,107
train_object129.tfrecords,49
train_object130.tfrecords,33
train_object131.tfrecords,2
train_object132.tfrecords,15
train_object133.tfrecords,8
train_object134.tfrecords,46
train_object135.tfrecords,48
train_object136.tfrecords,87
train_object137.tfrecords,9
train_object138.tfrecords,135
train_object139.tfrecords,1
train_object140.tfrecords,1
train_object141.tfrecords,10
train_object142.tfrecords,27
train_object143.tfrecords,24
train_object144.tfrecords,8
train_object145.tfrecords,25
train_object146.tfrecords,1
train_object147.tfrecords,3
train_object148.tfrecords,60
train_object149.tfrecords,4
train_object150.tfrecords,1
train_object151.tfrecords,54
train_object152.tfrecords,22
train_object153.tfrecords,22
train_object154.tfrecords,9
train_object155.tfrecords,2
train_object156.tfrecords,8
train_object157.tfrecords,15
train_object158.tfrecords,1
train_object159.tfrecords,1
train_object160.tfrecords,25
train_object161.tfrecords,1
train_object162.tfrecords,8
train_object163.tfrecords,26
train_object164.tfrecords,25
train_object165.tfrecords,7
train_object166.tfrecords,38
train_object167.tfrecords,9
train_object168.tfrecords,44
train_object169.tfrecords,23
train_object170.tfrecords,28
train_object171.tfrecords,5
train_object172.tfrecords,7
train_object173.tfrecords,25
train_object175.tfrecords,17
train_object176.tfrecords,5
train_object177.tfrecords,7
train_object178.tfrecords,4
train_object179.tfrecords,19
train_object180.tfrecords,44
train_object181.tfrecords,6
train_object182.tfrecords,8
train_object183.tfrecords,25
train_object184.tfrecords,18
train_object185.tfrecords,92
train_object186.tfrecords,23
train_object187.tfrecords,13
train_object188.tfrecords,4
train_object189.tfrecords,15
train_object190.tfrecords,82
train_object191.tfrecords,48
train_object192.tfrecords,16
train_object193.tfrecords,15
train_object194.tfrecords,2
train_object195.tfrecords,20
train_object196.tfrecords,18
train_object197.tfrecords,16
train_object198.tfrecords,12
train_object199.tfrecords,8
train_object200.tfrecords,6
train_object201.tfrecords,31
train_object202.tfrecords,81
train_object203.tfrecords,101
train_object204.tfrecords,104
train_object205.tfrecords,2
train_object206.tfrecords,86
train_object207.tfrecords,30
train_object208.tfrecords,55
train_object209.tfrecords,43
train_object210.tfrecords,47
train_object211.tfrecords,56
train_object212.tfrecords,52
train_object213.tfrecords,71
train_object214.tfrecords,31
train_object215.tfrecords,12
train_object216.tfrecords,2
train_object217.tfrecords,17
train_object218.tfrecords,18
train_object219.tfrecords,48
train_object220.tfrecords,36
train_object221.tfrecords,38
train_object222.tfrecords,16
train_object223.tfrecords,11
train_object224.tfrecords,3
